id,admin,username,aceptado,uuid,email
"07k448c2Fzb6khAhpS2u8ZG76t03",true,"casiadmin",true,"07k448c2Fzb6khAhpS2u8ZG76t03","casiadmin@casiadmin.es"
"2CbweEPJvvPIF9eDzFUJAD28Vy82",true,"morongo",true,"2CbweEPJvvPIF9eDzFUJAD28Vy82","morongo@morongo.es"
"5Dt2IIr9AoPYSZhS1gD3NN60tI03",true,"uuid",false,"5Dt2IIr9AoPYSZhS1gD3NN60tI03","uuid@gmail.com"
"9t7gvpNGS1SbJcahNfWthD9rol02",true,"cholin",true,"9t7gvpNGS1SbJcahNfWthD9rol02","8@gmail.com"
"ZnzsiL5IGde4iMJcBrghRIQyMrF2",true,"manolo",true,"ZnzsiL5IGde4iMJcBrghRIQyMrF2","manolo@gmail.com"
"c45hvvbwiwUTLfUnuHATRJm5tZk2",true,"admin",true,"c45hvvbwiwUTLfUnuHATRJm5tZk2","admin@admin.es"
"d9efpqB9VfZfArvdExymphnnURB3",true,"lucas",true,"d9efpqB9VfZfArvdExymphnnURB3","lucas@gmail.com"
"dcU88zySTheCcEi6eKnxUrUvCyq2",true,"Verdad798",true,"dcU88zySTheCcEi6eKnxUrUvCyq2","vd@gmail.com"
"eQpVIQ3NWjNV03v7pG979hvaW672",false,"juanpe",false,"eQpVIQ3NWjNV03v7pG979hvaW672","juanpe@gmail.com"
"jgu0PPpKEFYCwnNr0fYBQge0qRv2",true,"Prueba con CSS bueno",true,"jgu0PPpKEFYCwnNr0fYBQge0qRv2","Prueba@Prueba.es"
"m9W0BXYsajX8M4UoGm6zrHhzusG2",true,"v",false,"m9W0BXYsajX8M4UoGm6zrHhzusG2","v@gmail.com"