Usuarios id,admin,username,aceptado,uuid,email,pais
07k448c2Fzb6khAhpS2u8ZG76t03,True,c=si=dmin,True,07k448c2Fzb6khAhpS2u8ZG76t03,c=si=dmin@c=si=dmin.es,Polonia
2CbweEPJvvPIF9eDzFUJAD28Vy82,True,morongo,True,2CbweEPJvvPIF9eDzFUJAD28Vy82,morongo@morongo.es,Italia
5Dt2IIr9AoPYSZhS1gD3NN60tI03,True,uuid,False,5Dt2IIr9AoPYSZhS1gD3NN60tI03,uuid@gm=il.com,Grecia
9t7gvpNGS1SbJc=hNfWthD9rol02,True,cholin,True,9t7gvpNGS1SbJc=hNfWthD9rol02,8@gm=il.com,Bélgica
ZnzsiL5IGde4iMJcBrghRIQyMrF2,True,m=nolo,True,ZnzsiL5IGde4iMJcBrghRIQyMrF2,m=nolo@gm=il.com,España
c45hvvbwiwUTLfUnuHATRJm5tZk2,True,=dmin,True,c45hvvbwiwUTLfUnuHATRJm5tZk2,=dmin@=dmin.es,Francia
d9efpqB9VfZfArvdExymphnnURB3,True,luc=s,True,d9efpqB9VfZfArvdExymphnnURB3,luc=s@gm=il.com,Letonia
dcU88zySTheCcEi6eKnxUrUvCyq2,True,Verd=d798,True,dcU88zySTheCcEi6eKnxUrUvCyq2,vd@gm=il.com,Polonia
eQpVIQ3NWjNV03v7pG979hv=W672,False,ju=npe,False,eQpVIQ3NWjNV03v7pG979hv=W672,ju=npe@gm=il.com,Polonia
jgu0PPpKEFYCwnNr0fYBQge0qRv2,True,Prueb= con CSS bueno,True,jgu0PPpKEFYCwnNr0fYBQge0qRv2,Prueb=@Prueb=.es,República Checa
m9W0BXYs=jX8M4UoGm6zrHhzusG2,True,v,False,m9W0BXYs=jX8M4UoGm6zrHhzusG2,v@gm=il.com,Noruega
